{"cameraMode":{"drawMode":0,"name":"Shaded","section":"Shading Mode"},"sceneLighting":false,"audioPlay":false,"sceneViewState":{"showFog":true,"showMaterialUpdate":false,"showSkybox":false,"showFlares":true,"showImageEffects":true,"showParticleSystems":true},"in2DMode":false,"pivot":{"x":0.0,"y":13.180000305175782,"z":-22.84000015258789},"rotation":{"x":0.01430682186037302,"y":-0.6793117523193359,"z":0.013248254545032978,"w":0.7335912585258484},"size":85.62674713134766,"orthographic":true}